<?xml version="1.0" encoding="UTF-8"?>

<configuration debug="true" scan="true" scanPeriod="30 seconds">
	
	<property name="LOG_PATH" value="./logs/coupon" />
	
	<appender name="STDOUT" class="ch.qos.logback.core.ConsoleAppender">
		<encoder>
			<!--格式化输出：%d表示日期，%thread表示线程名，%-5level：级别从左显示5个字符宽度%msg：日志消息，%n是换行符-->
			<pattern>%d{yyyy-MM-dd HH:mm:ss.SSS} [%thread] %-5level %logger{200} - %msg %n </pattern>
			<!--window 控制台使用GBK编码 linux中使用utf-8-->
			<charset>UTF-8</charset>
            <!-- 此处设置字符集 -->
		</encoder>
	</appender>
	
	<appender name="dailyRollingFileAppender"
		class="ch.qos.logback.core.rolling.RollingFileAppender">
		<File>${LOG_PATH}/info.log</File>
		<rollingPolicy class="ch.qos.logback.core.rolling.TimeBasedRollingPolicy">
			<!-- daily rollover -->
			<FileNamePattern>${LOG_PATH}/info-%d{yyyyMMdd}.log.%i</FileNamePattern>
			<timeBasedFileNamingAndTriggeringPolicy
					class="ch.qos.logback.core.rolling.SizeAndTimeBasedFNATP">
				<maxFileSize>64MB</maxFileSize>
			</timeBasedFileNamingAndTriggeringPolicy>
			<!-- keep 30 days' worth of history -->
			<maxHistory>30</maxHistory>
		</rollingPolicy>
		
		<layout class="ch.qos.logback.classic.PatternLayout">
			<Pattern>%d{yyyy-MM-dd HH:mm:ss.SSS} [%thread] %-5level %logger{36} -%msg%n
			</Pattern>
		</layout>
		
		<encoder>
			<Pattern>%d{yyyy-MM-dd HH:mm:ss.SSS} [%thread] %-5level %logger{200} - %msg %n </Pattern>
			<charset>UTF-8</charset>
            <!-- 此处设置字符集 -->
		</encoder>
	</appender>
	
	<appender name="ERROR_FILE"
			  class="ch.qos.logback.core.rolling.RollingFileAppender">
		<filter class="ch.qos.logback.classic.filter.ThresholdFilter">
			<level>ERROR</level>
		</filter>
		<File>${LOG_PATH}/error.log</File>
		<rollingPolicy class="ch.qos.logback.core.rolling.TimeBasedRollingPolicy">
			<fileNamePattern>${LOG_PATH}/error-%d{yyyyMMdd}.log.%i</fileNamePattern>
			<timeBasedFileNamingAndTriggeringPolicy
					class="ch.qos.logback.core.rolling.SizeAndTimeBasedFNATP">
				<maxFileSize>64MB</maxFileSize>
			</timeBasedFileNamingAndTriggeringPolicy>
			<maxHistory>30</maxHistory>
		</rollingPolicy>
		<layout class="ch.qos.logback.classic.PatternLayout">
			<Pattern>%d{yyyy-MM-dd HH:mm:ss.SSS} [%thread] %-5level %logger{36}-%msg%n</Pattern>
		</layout>
	</appender>

	<root level="INFO">
		<appender-ref ref="dailyRollingFileAppender" />
		<appender-ref ref="ERROR_FILE" />
		<appender-ref ref="STDOUT" />
	</root>
<!-- 	
	<logger level="DEBUG" name="com.cloud.stat.mapper" />
 -->
</configuration>  