<?xml version="1.0" encoding="UTF-8" ?>
<!DOCTYPE mapper
PUBLIC "-//mybatis.org//DTD Mapper 3.0//EN"
"http://mybatis.org/dtd/mybatis-3-mapper.dtd">
<mapper namespace="com.space.coupon.mapper.CouponRuleCycleMapper">
    
    <resultMap type="com.space.coupon.entity.CouponRuleCycleEntity" id="CouponRuleCycleResult">
        <result property="id"    column="id"    />
        <result property="ruleId"    column="rule_id"    />
        <result property="frequency"    column="frequency"    />
        <result property="workDay"    column="work_day"    />
        <result property="workMonth"    column="work_month"    />
        <result property="workWeek"    column="work_week"    />
        <result property="cycleTime"    column="cycle_time"    />
        <result property="customTime"    column="custom_time"    />
        <result property="timedReleaseTime"    column="timed_release_time"    />
        <result property="issueMerchant"    column="issue_merchant"    />
        <result property="campaignsId"    column="campaigns_id"    />
        <result property="expiredStatu"    column="expired_statu"    />
    </resultMap>

    <sql id="selectCouponRuleCycleVo">
        select id, rule_id, frequency, work_day, work_month, work_week, cycle_time, custom_time, timed_release_time, issue_merchant, campaigns_id, expired_statu, create_by, create_time from coupon_rule_cycle
    </sql>

</mapper>