<?xml version="1.0" encoding="UTF-8" ?>
<!DOCTYPE mapper
        PUBLIC "-//mybatis.org//DTD Mapper 3.0//EN"
        "http://mybatis.org/dtd/mybatis-3-mapper.dtd">
<mapper namespace="com.space.coupon.mapper.CouponCiMapper">

    <resultMap type="com.space.coupon.entity.CouponCiEntity" id="CouponCiResult">
        <result property="id" column="id"/>
        <result property="ruleId" column="rule_id"/>
        <result property="ruleCode" column="rule_code"/>
        <result property="ruleName" column="rule_name"/>
        <result property="couponCode" column="coupon_code"/>
        <result property="scenes" column="scenes"/>
        <result property="objectId" column="object_id"/>
        <result property="objectName" column="object_name"/>
        <result property="objectType" column="object_type"/>
        <result property="useStatus" column="use_status"/>
        <result property="faceValue" column="face_value"/>
        <result property="threshold" column="threshold"/>
        <result property="thresholdValue" column="threshold_value"/>
        <result property="validPeriodStartTime" column="valid_period_start_time"/>
        <result property="validPeriodEndTime" column="valid_period_end_time"/>
        <result property="usedTime" column="used_time"/>
        <result property="usePerson" column="use_person"/>
        <result property="orderNum" column="order_num"/>
        <result property="issuer" column="issuer"/>
        <result property="showStatus" column="show_status"/>
        <result property="issueTime" column="issue_time"/>
        <result property="campaignsId" column="campaigns_id"/>
        <result property="issueMerchant" column="issue_merchant"/>
        <result property="couponType" column="coupon_type"/>
        <result property="discountType" column="discount_type"/>
        <result property="isSingle" column="is_single"/>
        <result property="tenementCode" column="tenement_code"/>
        <result property="projectCode" column="project_code"/>
        <result property="createBy" column="create_by"/>
        <result property="createTime" column="create_time"/>
        <result property="updateBy" column="update_by"/>
        <result property="updateTime" column="update_time"/>
        <result property="useLock" column="use_lock"/>
        <result property="delFlag" column="del_flag"/>
        <result property="searchInfo" column="search_info"/>
        <result property="salt" column="salt"/>

        <collection property = "productEntityList" ofType = "com.space.coupon.entity.CouponProductEntity">
            <result property = "productId" column = "product_id" />
            <result property = "productName" column = "product_name" />
        </collection>

    </resultMap>

    <sql id="selectCouponCiVo">
        select id,
               rule_id,
               rule_code,
               rule_name,
               coupon_code,
               scenes,
               object_id,
               object_name,
               object_type,
               use_status,
               face_value,
               threshold,
               threshold_value,
               valid_period_start_time,
               valid_period_end_time,
               used_time,
               use_person,
               order_num,
               issuer,
               show_status,
               issue_time,
               campaigns_id,
               issue_merchant,
               coupon_type,
               discount_type,
               is_single,
               tenement_code,
               project_code,
               create_by,
               create_time,
               update_by,
               update_time
        from coupon_ci
    </sql>

    <select id="queryRulePage" resultType="com.space.coupon.entity.CouponCiEntity">
        <include refid="selectCouponCiVo"/>
        ${ew.customSqlSegment}
    </select>
    <select id="selectByIdProduct" resultType="com.space.coupon.entity.CouponCiEntity" resultMap="CouponCiResult">
        select r.id,
               r.rule_id,
               r.rule_name,
               r.rule_code,
               r.coupon_code,
               r.object_type,
               r.object_id,
               r.object_name,
               r.coupon_type,
               r.discount_type,
               r.face_value,
               r.threshold,
               r.threshold_value,
               r.is_single,
               r.valid_period_start_time,
               r.valid_period_end_time,
               r.used_time,
               r.use_person,
               r.order_num,
               r.issuer,
               r.show_status,
               r.issue_time,
               r.scenes,
               r.campaigns_id,
               r.use_status,
               r.project_code,
               r.tenement_code,
               r.create_by,
               r.create_time,
               r.use_lock,

               p.product_id,
               p.product_name
        from coupon_ci r left join coupon_product p on r.rule_id = p.rule_id
        where r.id = #{id}
    </select>
</mapper>