<?xml version="1.0" encoding="UTF-8" ?>
<!DOCTYPE mapper
        PUBLIC "-//mybatis.org//DTD Mapper 3.0//EN"
        "http://mybatis.org/dtd/mybatis-3-mapper.dtd">
<mapper namespace="com.space.coupon.mapper.CouponProductMapper">

    <resultMap type="com.space.coupon.entity.CouponProductEntity" id="CouponProductResult">
        <result property="id" column="id"/>
        <result property="ruleId" column="rule_id"/>
        <result property="productId" column="product_id"/>
        <result property="productName" column="product_name"/>
        <result property="productInfo" column="product_info"/>
        <result property="campaignsId" column="campaigns_id"/>
        <result property="issueMerchant" column="issue_merchant"/>
        <result property="couponType" column="coupon_type"/>
        <result property="tenementCode" column="tenement_code"/>
        <result property="projectCode" column="project_code"/>
        <result property="createBy" column="create_by"/>
        <result property="createTime" column="create_time"/>
        <result property="delFlag" column="del_flag"/>
        <result property="searchInfo" column="search_info"/>
    </resultMap>

    <sql id="selectCouponProductVo">
        select id,
               rule_id,
               product_id,
               product_name,
               product_info,
               campaigns_id,
               issue_merchant,
               coupon_type,
               tenement_code,
               project_code,
               create_by,
               create_time,
               del_flag,
               search_info
        from coupon_product
    </sql>
</mapper>