<?xml version="1.0" encoding="UTF-8" ?>
<!DOCTYPE mapper
  PUBLIC "-//mybatis.org//DTD Mapper 3.0//EN"
  "http://mybatis.org/dtd/mybatis-3-mapper.dtd">
<mapper namespace="com.space.coupon.mapper.CouponUseLogMapper">

  <resultMap type="com.space.coupon.entity.CouponUseLogEntity" id="CouponUseLogResult">
    <result property="id" column="id"/>
    <result property="couponCode" column="coupon_code"/>
    <result property="status" column="status"/>
    <result property="productId" column="product_id"/>
    <result property="ruleId" column="rule_id"/>
    <result property="ruleCode" column="rule_code"/>
    <result property="ruleName" column="rule_name"/>
    <result property="orderNum" column="order_num"/>
    <result property="createdByUname" column="created_by_uname"/>
    <result property="userCode" column="user_code"/>
    <result property="refundFormNum" column="refund_form_num"/>
    <result property="mchId" column="mch_id"/>
    <result property="issueMerchant" column="issue_merchant"/>
    <result property="tenementCode" column="tenement_code"/>
    <result property="projectCode" column="project_code"/>
    <result property="createBy" column="create_by"/>
    <result property="createTime" column="create_time"/>
    <result property="delFlag" column="del_flag"/>
    <result property="searchInfo" column="search_info"/>
  </resultMap>

  <sql id="selectCouponUseLogVo">
    select id,
           coupon_code,
           status,
           product_id,
           rule_id,
           rule_name,
           order_num,
           created_by_uname,
           user_code,
           refund_form_num,
           mch_id,
           issue_merchant,
           tenement_code,
           project_code,
           create_by,
           create_time,
           del_flag,
           search_info
    from coupon_use_log
  </sql>

</mapper>