<?xml version="1.0" encoding="UTF-8" ?>
<!DOCTYPE mapper
PUBLIC "-//mybatis.org//DTD Mapper 3.0//EN"
"http://mybatis.org/dtd/mybatis-3-mapper.dtd">
<mapper namespace="com.space.coupon.mapper.CouponCampaignsMapper">
    
    <resultMap type="com.space.coupon.entity.CouponCampaignsEntity" id="CouponCampaignsResult">
        <result property="id"    column="id"    />
        <result property="title"    column="title"    />
        <result property="campaignType"    column="campaign_type"    />
        <result property="status"    column="status"    />
        <result property="ruleId"    column="rule_id"    />
        <result property="couponTotal"    column="coupon_total"    />
        <result property="sendAt"    column="send_at"    />
        <result property="dateStart"    column="date_start"    />
        <result property="dateEnd"    column="date_end"    />
        <result property="detail"    column="detail"    />
        <result property="isStop"    column="is_stop"    />
        <result property="sendCoupons"    column="send_coupons"    />
        <result property="usedCoupons"    column="used_coupons"    />
        <result property="couponUsedRatio"    column="coupon_used_ratio"    />
        <result property="bringTradeCount"    column="bring_trade_count"    />
        <result property="bringTradeAmount"    column="bring_trade_amount"    />
        <result property="bringTradeCash"    column="bring_trade_cash"    />
        <result property="couponAmount"    column="coupon_amount"    />
        <result property="issueMerchant"    column="issue_merchant"    />
        <result property="tenementCode"    column="tenement_code"    />
        <result property="projectCode"    column="project_code"    />
        <result property="createBy"    column="create_by"    />
        <result property="createTime"    column="create_time"    />
        <result property="updateBy"    column="update_by"    />
        <result property="updateTime"    column="update_time"    />
        <result property="revision"    column="revision"    />
        <result property="delFlag"    column="del_flag"    />
        <result property="searchInfo"    column="search_info"    />
    </resultMap>

    <sql id="selectCouponCampaignsVo">
        select id, title, campaign_type, status, rule_id, coupon_total, send_at, date_start, date_end, detail, is_stop, send_coupons, used_coupons, coupon_used_ratio, bring_trade_count, bring_trade_amount, bring_trade_cash, coupon_amount, issue_merchant, tenement_code, project_code, create_by, create_time, update_by, update_time, revision, del_flag, search_info from coupon_campaigns
    </sql>

    <delete id="deleteCouponCampaignsByIds" parameterType="String">
        delete from coupon_campaigns where id in 
        <foreach item="id" collection="array" open="(" separator="," close=")">
            #{id}
        </foreach>
    </delete>
</mapper>