<?xml version="1.0" encoding="UTF-8" ?>
<!DOCTYPE mapper
PUBLIC "-//mybatis.org//DTD Mapper 3.0//EN"
"http://mybatis.org/dtd/mybatis-3-mapper.dtd">
<mapper namespace="com.space.coupon.mapper.CouponObjectMapper">
    
    <resultMap type="com.space.coupon.entity.CouponObjectEntity" id="CouponObjectResult">
        <result property="id"    column="id"    />
        <result property="ruleId"    column="rule_id"    />
        <result property="objectType"    column="object_type"    />
        <result property="objectId"    column="object_id"    />
        <result property="objectName"    column="object_name"    />
        <result property="remainNum"    column="remain_num"    />
        <result property="issueStatus"    column="issue_status"    />
        <result property="issuedNum"    column="issued_num"    />
        <result property="campaignsId"    column="campaigns_id"    />
        <result property="issueMerchant"    column="issue_merchant"    />
        <result property="couponType"    column="coupon_type"    />
        <result property="projectCode"    column="project_code"    />
        <result property="tenementCode"    column="tenement_code"    />
        <result property="createBy"    column="create_by"    />
        <result property="createTime"    column="create_time"    />
        <result property="delFlag"    column="del_flag"    />
    </resultMap>

    <sql id="selectCouponObjectVo">
        select id, rule_id, object_type, object_id, object_name, remain_num, issue_status, issued_num, campaigns_id, issue_merchant, coupon_type, project_code, tenement_code, create_by, create_time, del_flag from coupon_object
    </sql>
</mapper>