<?xml version="1.0" encoding="UTF-8" ?>
<!DOCTYPE mapper
PUBLIC "-//mybatis.org//DTD Mapper 3.0//EN"
"http://mybatis.org/dtd/mybatis-3-mapper.dtd">
<mapper namespace="com.space.coupon.mapper.CouponBatchMapper">
    
    <resultMap type="com.space.coupon.entity.CouponBatchEntity" id="CouponBatchResult">
        <result property="id"    column="id"    />
        <result property="ruleId"    column="rule_id"    />
        <result property="campaignsId"    column="campaigns_id"    />
        <result property="issueMerchant"    column="issue_merchant"    />
        <result property="couponType"    column="coupon_type"    />
        <result property="discountType"    column="discount_type"    />
        <result property="faceValue"    column="face_value"    />
        <result property="isStop"    column="is_stop"    />
        <result property="sendCoupons"    column="send_coupons"    />
        <result property="usedCoupons"    column="used_coupons"    />
        <result property="bringTradeCount"    column="bring_trade_count"    />
        <result property="bringTradeAmount"    column="bring_trade_amount"    />
        <result property="bringTradeCash"    column="bring_trade_cash"    />
        <result property="couponAmount"    column="coupon_amount"    />
        <result property="tenementCode"    column="tenement_code"    />
        <result property="projectCode"    column="project_code"    />
        <result property="createBy"    column="create_by"    />
        <result property="createTime"    column="create_time"    />
        <result property="searchInfo"    column="search_info"    />
    </resultMap>

    <sql id="selectCouponBatchVo">
        select id, rule_id, campaigns_id, issue_merchant, coupon_type, discount_type, face_value, is_stop, send_coupons, used_coupons, bring_trade_count, bring_trade_amount, bring_trade_cash, coupon_amount, tenement_code, project_code, create_by, create_time, search_info from coupon_batch
    </sql>

    <select id="selectCouponBatchList" parameterType="com.space.coupon.entity.CouponBatchEntity" resultMap="CouponBatchResult">
        <include refid="selectCouponBatchVo"/>
        <where>  
            <if test="ruleId != null  and ruleId != ''"> and rule_id = #{ruleId}</if>
            <if test="campaignsId != null "> and campaigns_id = #{campaignsId}</if>
            <if test="issueMerchant != null  and issueMerchant != ''"> and issue_merchant = #{issueMerchant}</if>
            <if test="couponType != null "> and coupon_type = #{couponType}</if>
            <if test="discountType != null "> and discount_type = #{discountType}</if>
            <if test="faceValue != null "> and face_value = #{faceValue}</if>
            <if test="isStop != null "> and is_stop = #{isStop}</if>
            <if test="sendCoupons != null "> and send_coupons = #{sendCoupons}</if>
            <if test="usedCoupons != null "> and used_coupons = #{usedCoupons}</if>
            <if test="bringTradeCount != null "> and bring_trade_count = #{bringTradeCount}</if>
            <if test="bringTradeAmount != null "> and bring_trade_amount = #{bringTradeAmount}</if>
            <if test="bringTradeCash != null "> and bring_trade_cash = #{bringTradeCash}</if>
            <if test="couponAmount != null "> and coupon_amount = #{couponAmount}</if>
            <if test="tenementCode != null  and tenementCode != ''"> and tenement_code = #{tenementCode}</if>
            <if test="projectCode != null  and projectCode != ''"> and project_code = #{projectCode}</if>
            <if test="searchInfo != null  and searchInfo != ''"> and search_info = #{searchInfo}</if>
        </where>
    </select>
    
    <select id="selectCouponBatchById" parameterType="Long" resultMap="CouponBatchResult">
        <include refid="selectCouponBatchVo"/>
        where id = #{id}
    </select>
        
    <insert id="insertCouponBatch" parameterType="com.space.coupon.entity.CouponBatchEntity" useGeneratedKeys="true" keyProperty="id">
        insert into coupon_batch
        <trim prefix="(" suffix=")" suffixOverrides=",">
            <if test="ruleId != null">rule_id,</if>
            <if test="campaignsId != null">campaigns_id,</if>
            <if test="issueMerchant != null">issue_merchant,</if>
            <if test="couponType != null">coupon_type,</if>
            <if test="discountType != null">discount_type,</if>
            <if test="faceValue != null">face_value,</if>
            <if test="isStop != null">is_stop,</if>
            <if test="sendCoupons != null">send_coupons,</if>
            <if test="usedCoupons != null">used_coupons,</if>
            <if test="bringTradeCount != null">bring_trade_count,</if>
            <if test="bringTradeAmount != null">bring_trade_amount,</if>
            <if test="bringTradeCash != null">bring_trade_cash,</if>
            <if test="couponAmount != null">coupon_amount,</if>
            <if test="tenementCode != null">tenement_code,</if>
            <if test="projectCode != null">project_code,</if>
            <if test="createBy != null">create_by,</if>
            <if test="createTime != null">create_time,</if>
            <if test="searchInfo != null">search_info,</if>
         </trim>
        <trim prefix="values (" suffix=")" suffixOverrides=",">
            <if test="ruleId != null">#{ruleId},</if>
            <if test="campaignsId != null">#{campaignsId},</if>
            <if test="issueMerchant != null">#{issueMerchant},</if>
            <if test="couponType != null">#{couponType},</if>
            <if test="discountType != null">#{discountType},</if>
            <if test="faceValue != null">#{faceValue},</if>
            <if test="isStop != null">#{isStop},</if>
            <if test="sendCoupons != null">#{sendCoupons},</if>
            <if test="usedCoupons != null">#{usedCoupons},</if>
            <if test="bringTradeCount != null">#{bringTradeCount},</if>
            <if test="bringTradeAmount != null">#{bringTradeAmount},</if>
            <if test="bringTradeCash != null">#{bringTradeCash},</if>
            <if test="couponAmount != null">#{couponAmount},</if>
            <if test="tenementCode != null">#{tenementCode},</if>
            <if test="projectCode != null">#{projectCode},</if>
            <if test="createBy != null">#{createBy},</if>
            <if test="createTime != null">#{createTime},</if>
            <if test="searchInfo != null">#{searchInfo},</if>
         </trim>
    </insert>

    <update id="updateCouponBatch" parameterType="com.space.coupon.entity.CouponBatchEntity">
        update coupon_batch
        <trim prefix="SET" suffixOverrides=",">
            <if test="ruleId != null">rule_id = #{ruleId},</if>
            <if test="campaignsId != null">campaigns_id = #{campaignsId},</if>
            <if test="issueMerchant != null">issue_merchant = #{issueMerchant},</if>
            <if test="couponType != null">coupon_type = #{couponType},</if>
            <if test="discountType != null">discount_type = #{discountType},</if>
            <if test="faceValue != null">face_value = #{faceValue},</if>
            <if test="isStop != null">is_stop = #{isStop},</if>
            <if test="sendCoupons != null">send_coupons = #{sendCoupons},</if>
            <if test="usedCoupons != null">used_coupons = #{usedCoupons},</if>
            <if test="bringTradeCount != null">bring_trade_count = #{bringTradeCount},</if>
            <if test="bringTradeAmount != null">bring_trade_amount = #{bringTradeAmount},</if>
            <if test="bringTradeCash != null">bring_trade_cash = #{bringTradeCash},</if>
            <if test="couponAmount != null">coupon_amount = #{couponAmount},</if>
            <if test="tenementCode != null">tenement_code = #{tenementCode},</if>
            <if test="projectCode != null">project_code = #{projectCode},</if>
            <if test="createBy != null">create_by = #{createBy},</if>
            <if test="createTime != null">create_time = #{createTime},</if>
            <if test="searchInfo != null">search_info = #{searchInfo},</if>
        </trim>
        where id = #{id}
    </update>

    <delete id="deleteCouponBatchById" parameterType="Long">
        delete from coupon_batch where id = #{id}
    </delete>

    <delete id="deleteCouponBatchByIds" parameterType="String">
        delete from coupon_batch where id in 
        <foreach item="id" collection="array" open="(" separator="," close=")">
            #{id}
        </foreach>
    </delete>
</mapper>