<?xml version="1.0" encoding="UTF-8" ?>
<!DOCTYPE mapper
        PUBLIC "-//mybatis.org//DTD Mapper 3.0//EN"
        "http://mybatis.org/dtd/mybatis-3-mapper.dtd">
<mapper namespace="com.space.coupon.mapper.CouponIssueLogMapper">

    <resultMap type="com.space.coupon.entity.CouponIssueLogEntity" id="CouponIssueLogResult">
        <result property="id" column="id"/>
        <result property="ruleId" column="rule_id"/>
        <result property="ruleCode" column="rule_code"/>
        <result property="issuedNum" column="issued_num"/>
        <result property="discountType" column="discount_type"/>
        <result property="campaignsId" column="campaigns_id"/>
        <result property="issueMerchant" column="issue_merchant"/>
        <result property="couponType" column="coupon_type"/>
        <result property="issueTime" column="issue_time"/>
        <result property="projectCode" column="project_code"/>
        <result property="tenementCode" column="tenement_code"/>
        <result property="showStatus" column="show_status"/>
        <result property="createBy" column="create_by"/>
        <result property="createTime" column="create_time"/>
    <!--rule表字段-->
        <result property="ruleName" column="rule_name"/>
        <result property="faceValue" column="face_value"/>
        <result property="threshold" column="threshold"/>
        <result property="thresholdValue" column="threshold_value"/>
        <result property="validityPeriodType" column="validity_period_type"/>
        <result property="validityPeriodValue" column="validity_period_value"/>
        <result property="validPeriodStartTime" column="valid_period_start_time"/>
        <result property="validPeriodEndTime" column="valid_period_end_time"/>
        <result property="scenes" column="scenes"/>
        <result property="useStatus" column="use_status"/>
        <result property="personName" column="person_name"/>
    </resultMap>

    <sql id="selectCouponIssueLogVo">
        select id,
               rule_id,
               issued_num,
               campaigns_id,
               issue_merchant,
               coupon_type,
               project_code,
               tenement_code,
               create_by,
               create_time
        from coupon_issue_log
    </sql>
    <select id="queryPage" resultType="com.space.coupon.entity.CouponIssueLogEntity">
        select t1.*,t2.*
        from coupon_issue_log t1
                 left join coupon_rule t2 on t1.rule_id = t2.id
            ${ew.customSqlSegment}
    </select>
    <select id="queryDetailsById" resultType="com.space.coupon.entity.CouponIssueLogEntity">
        select t1.*,t2.*
        from coupon_issue_log t1
                 left join coupon_rule t2 on t1.rule_id = t2.id
            where t1.id = #{id} and t1.tenement_code = #{tenementCode}
    </select>

</mapper>