<?xml version="1.0" encoding="UTF-8" ?>
<!DOCTYPE mapper
        PUBLIC "-//mybatis.org//DTD Mapper 3.0//EN"
        "http://mybatis.org/dtd/mybatis-3-mapper.dtd">
<mapper namespace="com.space.coupon.mapper.CouponRuleMapper">

    <resultMap type="com.space.coupon.entity.CouponRuleEntity" id="CouponRuleResult">
        <result property="id" column="id"/>
        <result property="ruleName" column="rule_name"/>
        <result property="ruleCode" column="rule_code"/>
        <result property="frequency" column="frequency"/>
        <result property="expiredStatu" column="expired_statu"/>
        <result property="issueMerchant" column="issue_merchant"/>
        <result property="campaignsId" column="campaigns_id"/>
        <result property="couponType" column="coupon_type"/>
        <result property="discountType" column="discount_type"/>
        <result property="faceValue" column="face_value"/>
        <result property="threshold" column="threshold"/>
        <result property="thresholdValue" column="threshold_value"/>
        <result property="validityPeriodType" column="validity_period_type"/>
        <result property="validityPeriodValue" column="validity_period_value"/>
        <result property="validPeriodStartTime" column="valid_period_start_time"/>
        <result property="validPeriodEndTime" column="valid_period_end_time"/>
        <result property="issueStartDate" column="issue_start_date"/>
        <result property="issueEndDate" column="issue_end_date"/>
        <result property="timedReleaseTime"    column="timed_release_time"    />
        <result property="scenes" column="scenes"/>
        <result property="remark" column="remark"/>
        <result property="issueNum" column="issue_num"/>
        <result property="issueObjectType" column="issue_object_type"/>
        <result property="useStatus" column="use_status"/>
        <result property="projectCode" column="project_code"/>
        <result property="tenementCode" column="tenement_code"/>
        <result property="createBy" column="create_by"/>
        <result property="personName" column="person_name"/>
        <result property="createTime" column="create_time"/>
        <result property="updateTime" column="update_time"/>
        <result property="updateBy" column="update_by"/>
        <result property="searchInfo" column="search_info"/>
        <result property="delFlag" column="del_flag"/>

        <collection property = "productEntityList" ofType = "com.space.coupon.entity.CouponProductEntity">
            <result property = "productId" column = "product_id" />
            <result property = "productName" column = "product_name" />
        </collection>
<!--        <association property="ruleCycle" javaType="com.space.coupon.entity.CouponRuleCycleEntity">-->
<!--            <id column="id"  property="id"/>-->
<!--            <result column="tname" property="tname"/>-->
<!--        </association>-->

    </resultMap>

    <sql id="selectCouponRuleVo">
        select id,
               rule_name,
               rule_code,
               frequency,
               expired_statu,
               issue_merchant,
               campaigns_id,
               coupon_type,
               discount_type,
               face_value,
               threshold,
               threshold_value,
               issue_num,
               validity_period_type,
               validity_period_value,
               valid_period_start_time,
               valid_period_end_time,
               timed_release_time,
               issue_start_date,
               issue_end_date,
               scenes,
               remark,
               use_status,
               project_code,
               tenement_code,
               create_by,
               person_name,
               create_time
        from coupon_rule
    </sql>

    <select id="queryRulePage" resultType="com.space.coupon.entity.CouponRuleEntity">
        <include refid="selectCouponRuleVo"/>
        ${ew.customSqlSegment}
    </select>
    <select id="queryDetailsById" resultType="com.space.coupon.entity.CouponRuleEntity" resultMap="CouponRuleResult">
        select r.id,
               r.rule_name,
               r.rule_code,
               r.frequency,
               r.expired_statu,
               r.issue_merchant,
               r.campaigns_id,
               r.coupon_type,
               r.discount_type,
               r.face_value,
               r.threshold,
               r.threshold_value,
               r.issue_num,
               r.validity_period_type,
               r.validity_period_value,
               r.valid_period_start_time,
               r.valid_period_end_time,
               r.timed_release_time,
               r.issue_start_date,
               r.issue_end_date,
               r.scenes,
               r.remark,
               r.person_name,
               r.use_status,
               r.project_code,
               r.tenement_code,
               r.create_by,
               r.create_time,
               p.product_id,
               p.product_name
        from coupon_rule r left join coupon_product p on r.id = p.rule_id
        where r.id = #{id}
    </select>
</mapper>