<?xml version="1.0" encoding="UTF-8"?>
<!DOCTYPE mapper PUBLIC "-//mybatis.org//DTD Mapper 3.0//EN" "http://mybatis.org/dtd/mybatis-3-mapper.dtd">

<mapper namespace="com.space.coupon.mapper.CouponImagesMapper">

	<!-- 可根据自己的需求，是否要使用 -->
    <resultMap type="com.space.coupon.entity.CouponImagesEntity" id="couponImagesMap">
        <result property="id" column="id"/>
        <result property="ruleId" column="rule_id"/>
        <result property="imageUrl" column="image_url"/>
        <result property="isIcon" column="is_icon"/>
        <result property="tenementCode" column="tenement_code"/>
        <result property="projectCode" column="project_code"/>
        <result property="createBy" column="create_by"/>
        <result property="createTime" column="create_time"/>
        <result property="updateBy" column="update_by"/>
        <result property="updateTime" column="update_time"/>
    </resultMap>


</mapper>