<?xml version="1.0" encoding="UTF-8" ?>
<!DOCTYPE mapper
PUBLIC "-//mybatis.org//DTD Mapper 3.0//EN"
"http://mybatis.org/dtd/mybatis-3-mapper.dtd">
<mapper namespace="com.space.coupon.mapper.CouponDictMapper">
    
    <resultMap type="com.space.coupon.entity.CouponDictEntity" id="CouponDictResult">
        <result property="id"    column="id"    />
        <result property="valueKey"    column="value_key"    />
        <result property="valueName"    column="value_name"    />
        <result property="typeCode"    column="type_code"    />
        <result property="parentId"    column="parent_id"    />
        <result property="orderNum"    column="order_num"    />
        <result property="tenementCode"    column="tenement_code"    />
    </resultMap>

    <sql id="selectCouponDictVo">
        select id, value_key, value_name, type_code, parent_id, order_num, tenement_code from coupon_dict
    </sql>
</mapper>