{
  "name": "增值服务分类流程基础表单",
  "alias": "servertypebase",
  "categoryId": "1458041120130834434",
  "bodefId": "1462683624714194945",
  "type": "ONLINE-DESIGN",
  "gendb": true,
  "template": "[{\"title\":\"页面1\",\"content\":\"<table class=\\\"table-form two-column\\\" style=\\\"width:100%;\\\" ctltype=\\\"rx-two-table\\\" id=\\\"qsxnugm881254\\\" borders=\\\"noborder\\\"><colgroup><col width=\\\"20%\\\"/><col width=\\\"80%\\\"/></colgroup><caption>标题</caption><tbody><tr class=\\\"firstRow\\\"><td style=\\\"word-break: break-all;\\\" :class=\\\"{required:required.main.user}\\\" class=\\\"editRequired\\\">提单人</td><td><rx-textbox class=\\\"rx-textbox  active\\\" type=\\\"main\\\" ctltype=\\\"rx-textbox\\\" id=\\\"yypfqtd888253\\\" :readonly=\\\"getRead(false)\\\" :permission=\\\"getPermission(&#39;main&#39;,&#39;user&#39;)\\\" v-model=\\\"data.user\\\" v-on:enter=\\\"enter(&quot;main&quot;,&quot;user&quot;)\\\" :valid=\\\"validFunc(&quot;main&quot;,&quot;user&quot;)\\\" style=\\\"width:100%\\\" v-on:valuechange=\\\"valuechange(&quot;main&quot;,&quot;user&quot;)\\\" :direct=\\\"true\\\" defaultval=\\\"\\\" format=\\\"\\\" datatype=\\\"varchar\\\" tabname=\\\"提单人\\\" verifyhide=\\\"user\\\"></rx-textbox></td></tr><tr><td><br/></td><td style=\\\"word-break: break-all;\\\"><br/></td></tr><tr><td><br/></td><td><br/></td></tr><tr><td><br/></td><td><br/></td></tr><tr><td><br/></td><td><br/></td></tr></tbody></table>\"}]",
  "javascript": "\n//初始化时加载\nvar _onload=function(){\n\n}\n//在提交之前执行进行验证返回验证结果信息{success:true,msg:\"\"}\nvar _beforeSubmit=async function(data){\n  return {success:true,msg:\"\"};\n}\n//在提交之后执行返回表单提交数据\nvar _afterSubmit=function(result,formJson){\n\n}\n//页面自定义函数{name:\"demo1\",action:function(){}}\nvar custFuntions=[];\n//表单公式\nvar formulas={\"main\":{}};\n\n//校验函数\nvar rules={};\n\n//区域计算\nvar calcAreas={};\n\n//校验规则\nvar validRules={\"main\":{\"user\":{\"required\":true,\"vtype\":\"length:50\",\"comment\":\"提单人\",\"valmode\":\"single\"}}};\n\n//自定义查询\nvar customquery={};\n\n//对话框配置\nvar dialogConfig={};\n\n//页面自定义观察函数{name:\"data.字段\",action:function(){}}\nvar custWatchs=[];\n\t\t\t\t",
  "javascriptKey": "\n//初始化时加载\nvar _onload_servertypebase=function(){\n\n}\n//在提交之前执行进行验证返回验证结果信息{success:true,msg:\"\"}\nvar _beforeSubmit_servertypebase=async function(data){\n  return {success:true,msg:\"\"};\n}\n//在提交之后执行返回表单提交数据\nvar _afterSubmit_servertypebase=function(result,formJson){\n\n}\n//页面自定义函数{name:\"demo1\",action:function(){}}\nvar custFuntions_servertypebase=[];\n//表单公式\nvar formulas_servertypebase={\"main\":{}};\n\n//校验函数\nvar rules={};\n\n//区域计算\nvar calcAreas={};\n\n//校验规则\nvar validRules_servertypebase={\"main\":{\"user\":{\"required\":true,\"vtype\":\"length:50\",\"comment\":\"提单人\",\"valmode\":\"single\"}}};\n\n//自定义查询\nvar customquery_servertypebase={};\n\n//对话框配置\nvar dialogConfig={};\n\n//页面自定义观察函数{name:\"data.字段\",action:function(){}}\nvar custWatchs=[];\n\t\t\t\t",
  "metadata": "{\"yypfqtd888253\":{\"type\":\"varchar\",\"ctltype\":\"rx-textbox\",\"length\":\"50\",\"comment\":\"提单人\",\"name\":\"user\",\"required\":true,\"validRule\":\"\",\"placeholder\":\"\",\"width\":\"100%\",\"from\":\"input\",\"seqNo\":\"\",\"script\":\"\",\"constant\":\"\",\"readonly\":false,\"defaultval\":\"\",\"vtype\":\"\",\"vtype_name\":\"\",\"rule_\":{},\"format\":\"\",\"formulaval\":\"\",\"valmode\":\"single\",\"uniqueValue\":false,\"tempIndex\":2,\"position\":\"1.1\",\"mainType\":\"main\"}}",
  "wizard": 0,
  "id": "1462683624869384194"
}