{
  "name": "增值服务企业结算审核",
  "alias": "lightapp_payserver_companypay",
  "categoryId": "1461237532828549121",
  "bodefId": "1493472396456407042",
  "type": "ONLINE-DESIGN",
  "gendb": true,
  "template": "[{\"title\":\"页面1\",\"content\":\"<table class=\\\"table-form two-column active\\\" style=\\\"width:100%;\\\" ctltype=\\\"rx-two-table\\\" id=\\\"vzzxzuk707577\\\" borders=\\\"noborder\\\"><colgroup><col width=\\\"20%\\\"/><col width=\\\"80%\\\"/></colgroup><caption>标题</caption><tbody><tr class=\\\"firstRow\\\"><td style=\\\"word-break: break-all;\\\" :class=\\\"{required:required.main.orderMoney}\\\" class=\\\"editRequired\\\">订单金额</td><td style=\\\"word-break: break-all;\\\"><rx-textbox class=\\\"rx-textbox     \\\" type=\\\"main\\\" ctltype=\\\"rx-textbox\\\" id=\\\"sdspqwc726543\\\" :readonly=\\\"getRead(false)\\\" :permission=\\\"getPermission(&#39;main&#39;,&#39;orderMoney&#39;)\\\" v-model=\\\"data.orderMoney\\\" v-on:enter=\\\"enter(&quot;main&quot;,&quot;orderMoney&quot;)\\\" :valid=\\\"validFunc(&quot;main&quot;,&quot;orderMoney&quot;)\\\" style=\\\"width:100%\\\" v-on:valuechange=\\\"valuechange(&quot;main&quot;,&quot;orderMoney&quot;)\\\" :direct=\\\"true\\\" defaultval=\\\"\\\" format=\\\"\\\" datatype=\\\"varchar\\\" tabname=\\\"订单金额\\\" verifyhide=\\\"orderMoney\\\"></rx-textbox></td></tr><tr><td style=\\\"word-break: break-all;\\\" :class=\\\"{required:required.main.orderDetail}\\\">订单详情</td><td><rx-textarea class=\\\"rx-textarea \\\" type=\\\"main\\\" ctltype=\\\"rx-textarea\\\" id=\\\"hpfbkuo727695\\\" :readonly=\\\"readonly\\\" :permission=\\\"getPermission(&#39;main&#39;,&#39;orderDetail&#39;)\\\" v-model=\\\"data.orderDetail\\\" v-on:enter=\\\"enter(&quot;main&quot;,&quot;orderDetail&quot;)\\\" :valid=\\\"validFunc(&quot;main&quot;,&quot;orderDetail&quot;)\\\" style=\\\"width:100%\\\" direct=\\\"true\\\" tabname=\\\"订单详情\\\" verifyhide=\\\"orderDetail\\\"></rx-textarea></td></tr><tr><td style=\\\"word-break: break-all;\\\" :class=\\\"{required:required.main.agreeMoney}\\\">审批金额</td><td><rx-textbox class=\\\"rx-textbox  \\\" type=\\\"main\\\" ctltype=\\\"rx-textbox\\\" id=\\\"skfkigb729623\\\" :readonly=\\\"getRead(false)\\\" :permission=\\\"getPermission(&#39;main&#39;,&#39;agreeMoney&#39;)\\\" v-model=\\\"data.agreeMoney\\\" v-on:enter=\\\"enter(&quot;main&quot;,&quot;agreeMoney&quot;)\\\" :valid=\\\"validFunc(&quot;main&quot;,&quot;agreeMoney&quot;)\\\" style=\\\"width:100%\\\" v-on:valuechange=\\\"valuechange(&quot;main&quot;,&quot;agreeMoney&quot;)\\\" :direct=\\\"true\\\" defaultval=\\\"\\\" format=\\\"\\\" datatype=\\\"varchar\\\" tabname=\\\"审批金额\\\" verifyhide=\\\"agreeMoney\\\"></rx-textbox></td></tr><tr><td style=\\\"word-break: break-all;\\\" :class=\\\"{required:required.main.remark}\\\">备注</td><td><rx-textarea class=\\\"rx-textarea \\\" type=\\\"main\\\" ctltype=\\\"rx-textarea\\\" id=\\\"lvqmzpe731008\\\" :readonly=\\\"readonly\\\" :permission=\\\"getPermission(&#39;main&#39;,&#39;remark&#39;)\\\" v-model=\\\"data.remark\\\" v-on:enter=\\\"enter(&quot;main&quot;,&quot;remark&quot;)\\\" :valid=\\\"validFunc(&quot;main&quot;,&quot;remark&quot;)\\\" style=\\\"width:100%\\\" direct=\\\"true\\\" tabname=\\\"备注\\\" verifyhide=\\\"remark\\\"></rx-textarea></td></tr><tr><td style=\\\"word-break: break-all;\\\" :class=\\\"{required:required.main.companyId}\\\">公司</td><td><rx-textbox class=\\\"rx-textbox  \\\" type=\\\"main\\\" ctltype=\\\"rx-textbox\\\" id=\\\"kjqyhyk878055\\\" :readonly=\\\"readonly\\\" :permission=\\\"getPermission(&#39;main&#39;,&#39;gs&#39;)\\\" v-model=\\\"data.gs\\\" v-on:enter=\\\"enter(&#39;main&#39;,&#39;gs&#39;)\\\" :valid=\\\"validFunc(&#39;main&#39;,&#39;gs&#39;)\\\" style=\\\"width:calc( 100% - 2px )\\\" v-on:valuechange=\\\"valuechange(&#39;main&#39;,&#39;gs&#39;)\\\"></rx-textbox></td></tr></tbody></table>\"}]",
  "javascript": "\n//初始化时加载\nvar _onload=function(){\n\n}\n//在提交之前执行进行验证返回验证结果信息{success:true,msg:\"\"}\nvar _beforeSubmit=async function(data){\n  return {success:true,msg:\"\"};\n}\n//在提交之后执行返回表单提交数据\nvar _afterSubmit=function(result,formJson){\n\n}\n//页面自定义函数{name:\"demo1\",action:function(){}}\nvar custFuntions=[];\n//表单公式\nvar formulas={\"main\":{}};\n\n//校验函数\nvar rules={};\n\n//区域计算\nvar calcAreas={};\n\n//校验规则\nvar validRules={\"main\":{\"orderMoney\":{\"required\":true,\"vtype\":\"length:50\",\"comment\":\"订单金额\",\"valmode\":\"single\"},\"orderDetail\":{\"required\":false,\"vtype\":\"length:200\",\"comment\":\"订单详情\",\"valmode\":\"single\"},\"agreeMoney\":{\"required\":false,\"vtype\":\"length:50\",\"comment\":\"审批金额\",\"valmode\":\"single\"},\"remark\":{\"required\":false,\"vtype\":\"length:200\",\"comment\":\"备注\",\"valmode\":\"single\"},\"companyId\":{\"required\":false,\"vtype\":\"length:200\",\"comment\":\"公司\",\"valmode\":\"single\"}}};\n\n//自定义查询\nvar customquery={};\n\n//对话框配置\nvar dialogConfig={};\n\n//页面自定义观察函数{name:\"data.字段\",action:function(){}}\nvar custWatchs=[];\n\t\t\t\t",
  "javascriptKey": "\n//初始化时加载\nvar _onload_lightapp_payserver_companypay=function(){\n\n}\n//在提交之前执行进行验证返回验证结果信息{success:true,msg:\"\"}\nvar _beforeSubmit_lightapp_payserver_companypay=async function(data){\n  return {success:true,msg:\"\"};\n}\n//在提交之后执行返回表单提交数据\nvar _afterSubmit_lightapp_payserver_companypay=function(result,formJson){\n\n}\n//页面自定义函数{name:\"demo1\",action:function(){}}\nvar custFuntions_lightapp_payserver_companypay=[];\n//表单公式\nvar formulas_lightapp_payserver_companypay={\"main\":{}};\n\n//校验函数\nvar rules={};\n\n//区域计算\nvar calcAreas={};\n\n//校验规则\nvar validRules_lightapp_payserver_companypay={\"main\":{\"orderMoney\":{\"required\":true,\"vtype\":\"length:50\",\"comment\":\"订单金额\",\"valmode\":\"single\"},\"orderDetail\":{\"required\":false,\"vtype\":\"length:200\",\"comment\":\"订单详情\",\"valmode\":\"single\"},\"agreeMoney\":{\"required\":false,\"vtype\":\"length:50\",\"comment\":\"审批金额\",\"valmode\":\"single\"},\"remark\":{\"required\":false,\"vtype\":\"length:200\",\"comment\":\"备注\",\"valmode\":\"single\"},\"companyId\":{\"required\":false,\"vtype\":\"length:200\",\"comment\":\"公司\",\"valmode\":\"single\"}}};\n\n//自定义查询\nvar customquery_lightapp_payserver_companypay={};\n\n//对话框配置\nvar dialogConfig={};\n\n//页面自定义观察函数{name:\"data.字段\",action:function(){}}\nvar custWatchs=[];\n\t\t\t\t",
  "metadata": "{\"sdspqwc726543\":{\"type\":\"varchar\",\"ctltype\":\"rx-textbox\",\"length\":\"50\",\"comment\":\"订单金额\",\"name\":\"orderMoney\",\"required\":true,\"validRule\":\"\",\"placeholder\":\"\",\"width\":\"100%\",\"from\":\"input\",\"seqNo\":\"\",\"script\":\"\",\"constant\":\"\",\"readonly\":false,\"defaultval\":\"\",\"vtype\":\"\",\"vtype_name\":\"\",\"rule_\":{},\"format\":\"\",\"formulaval\":\"\",\"valmode\":\"single\",\"uniqueValue\":false,\"tempIndex\":\"1\",\"position\":\"1.1\",\"mainType\":\"main\"},\"hpfbkuo727695\":{\"type\":\"varchar\",\"ctltype\":\"rx-textarea\",\"length\":\"1000\",\"comment\":\"订单详情\",\"name\":\"orderDetail\",\"required\":false,\"placeholder\":\"\",\"width\":\"100%\",\"valmode\":\"single\",\"tempIndex\":\"1\",\"position\":\"2.1\",\"mainType\":\"main\"},\"skfkigb729623\":{\"type\":\"varchar\",\"ctltype\":\"rx-textbox\",\"length\":\"50\",\"comment\":\"审批金额\",\"name\":\"agreeMoney\",\"required\":false,\"validRule\":\"\",\"placeholder\":\"\",\"width\":\"100%\",\"from\":\"input\",\"seqNo\":\"\",\"script\":\"\",\"constant\":\"\",\"readonly\":false,\"defaultval\":\"\",\"vtype\":\"\",\"vtype_name\":\"\",\"rule_\":{},\"format\":\"\",\"formulaval\":\"\",\"valmode\":\"single\",\"uniqueValue\":false,\"tempIndex\":\"1\",\"position\":\"3.1\",\"mainType\":\"main\"},\"lvqmzpe731008\":{\"type\":\"varchar\",\"ctltype\":\"rx-textarea\",\"length\":\"200\",\"comment\":\"备注\",\"name\":\"remark\",\"required\":false,\"placeholder\":\"\",\"width\":\"100%\",\"valmode\":\"single\",\"tempIndex\":\"1\",\"position\":\"4.1\",\"mainType\":\"main\"},\"kjqyhyk878055\":{\"type\":\"varchar\",\"ctltype\":\"rx-textbox\",\"length\":\"200\",\"comment\":\"公司\",\"name\":\"companyId\",\"required\":false,\"validRule\":\"\",\"placeholder\":\"\",\"width\":\"100%\",\"from\":\"input\",\"seqNo\":\"\",\"script\":\"\",\"constant\":\"\",\"readonly\":false,\"defaultval\":\"\",\"vtype\":\"\",\"vtype_name\":\"\",\"rule_\":{},\"format\":\"\",\"formulaval\":\"\",\"valmode\":\"single\",\"uniqueValue\":false,\"tempIndex\":\"1\",\"position\":\"5.1\",\"mainType\":\"main\"}}",
  "wizard": 0,
  "id": "1493472396569653249"
}